patient_id,gene_marker_0,gene_marker_1,gene_marker_2,gene_marker_3,gene_marker_4,gene_marker_5,gene_marker_6,gene_marker_7,gene_marker_8,gene_marker_9,optimal_dosage
ALPHA_0,2,0,2,2,0,0,2,1,2,2,6.435760117702705
ALPHA_1,2,2,0,2,1,0,1,1,1,1,5.49798470950947
ALPHA_2,0,0,1,1,0,0,0,2,2,2,3.7069717474285593
ALPHA_3,1,2,1,1,2,1,2,2,0,2,5.8213825879222005
ALPHA_4,0,2,2,0,0,2,1,0,1,1,5.252995554979767
ALPHA_5,1,0,1,0,1,2,2,0,2,2,5.501294328270246
ALPHA_6,1,0,1,1,1,1,1,1,1,0,4.87831342273031
ALPHA_7,2,1,1,1,1,1,1,2,2,1,6.79322522597627
ALPHA_8,2,0,1,0,0,1,2,0,1,0,7.315150910157467
ALPHA_9,0,0,0,2,0,0,0,2,0,0,2.3629128417850485
ALPHA_10,2,2,2,0,2,2,0,2,0,1,7.327657287378033
ALPHA_11,2,1,0,2,0,1,0,2,2,1,5.414914684723304
ALPHA_12,0,2,1,2,2,0,2,0,2,1,2.4316886363394197
ALPHA_13,2,0,0,1,2,2,1,2,2,0,6.975877338296857
ALPHA_14,2,2,1,1,0,2,2,2,0,0,6.7541203380002495
ALPHA_15,1,0,2,2,0,2,2,0,0,2,4.351394860520378
ALPHA_16,2,2,1,1,1,0,1,0,0,1,6.99177200373696
ALPHA_17,1,1,2,1,2,0,2,1,0,0,5.815669997132155
ALPHA_18,0,2,1,0,0,0,2,2,1,2,5.436891520480058
ALPHA_19,0,1,0,0,2,1,2,2,1,0,5.384061917567358
ALPHA_20,0,1,0,1,1,2,1,2,0,0,5.352433714233361
ALPHA_21,0,0,2,0,1,1,1,2,0,0,5.173701318321164
ALPHA_22,0,2,1,1,0,1,1,2,2,2,5.09678575192943
ALPHA_23,2,0,2,1,0,1,1,1,2,2,7.006109201121967
ALPHA_24,0,0,2,1,0,2,2,2,1,2,3.758574542597054
ALPHA_25,2,2,2,0,0,2,1,0,2,0,7.813417408893401
ALPHA_26,0,1,2,2,1,1,2,2,1,0,3.354862899224215
ALPHA_27,0,1,0,1,0,0,2,2,0,0,4.620251696443969
ALPHA_28,2,2,2,1,0,2,0,1,1,2,7.099891927982364
ALPHA_29,1,0,2,0,0,1,1,1,1,1,7.066773387251353
ALPHA_30,2,0,0,0,0,1,0,2,2,0,7.3613897670384585
ALPHA_31,0,2,2,1,2,1,1,1,1,1,3.025610088743894
ALPHA_32,0,2,1,2,2,1,0,1,0,2,3.223163442898727
ALPHA_33,0,0,0,2,2,0,0,1,0,1,2.536594251048489
ALPHA_34,0,1,2,0,0,0,0,1,0,2,5.374651208698752
ALPHA_35,2,0,2,0,0,2,0,2,1,0,7.6413560250219605
ALPHA_36,1,2,1,1,2,1,1,2,1,2,6.128494234852387
ALPHA_37,1,2,2,1,1,1,0,0,0,2,4.529790664055482
ALPHA_38,1,2,0,1,2,1,2,1,0,0,4.607207456758656
ALPHA_39,1,2,0,0,0,1,1,2,2,2,7.2221557918561725
ALPHA_40,1,1,2,2,1,2,0,1,2,1,2.7950791035085496
ALPHA_41,0,1,1,1,1,0,1,1,2,1,3.989284434047458
ALPHA_42,2,0,0,0,0,2,1,0,1,2,7.9463370022017115
ALPHA_43,2,2,0,1,1,1,2,0,2,2,6.432024040399985
ALPHA_44,1,2,1,0,1,0,1,2,2,0,6.400030075704816
ALPHA_45,0,0,1,1,0,2,1,1,1,0,3.376238253455095
ALPHA_46,0,0,0,0,2,2,0,1,0,2,5.7711279730242495
ALPHA_47,2,1,2,0,1,0,0,1,0,2,8.902248544180805
ALPHA_48,0,1,1,1,0,1,1,0,2,0,3.4571312066058275
ALPHA_49,1,1,0,2,1,1,1,0,1,2,4.237762438734265
ALPHA_50,1,1,2,1,0,0,0,2,1,0,4.6374617645319764
ALPHA_51,2,1,2,0,0,0,2,2,0,2,8.536526079501563
ALPHA_52,0,0,1,2,0,0,2,1,1,0,3.123504587321657
ALPHA_53,2,1,2,2,0,1,0,1,1,1,5.452368883646155
ALPHA_54,1,1,2,0,2,1,0,1,0,2,6.5084425292099475
ALPHA_55,0,0,0,0,0,1,0,0,2,0,4.9531172752386645
ALPHA_56,2,1,0,2,2,1,0,0,2,0,4.7907710831598616
ALPHA_57,2,0,2,0,1,0,0,1,0,1,8.773002073800063
ALPHA_58,0,2,2,0,0,0,2,0,2,1,4.616523380558784
ALPHA_59,2,2,1,2,0,0,2,0,2,0,5.219925363871039
ALPHA_60,0,2,0,2,0,0,1,1,2,1,2.5247900727690835
ALPHA_61,2,1,0,2,2,0,2,2,1,2,6.097774292681139
ALPHA_62,0,1,1,0,0,1,2,1,0,1,4.704348392453984
ALPHA_63,0,1,2,1,1,0,0,0,1,2,2.823907389298278
ALPHA_64,0,0,1,0,2,2,0,0,1,2,4.556500969635233
ALPHA_65,2,0,1,2,2,1,1,2,2,1,5.8120702095394945
ALPHA_66,2,0,0,1,1,1,0,2,0,2,7.894875143904593
ALPHA_67,0,2,0,1,0,2,0,0,0,1,3.170040016813422
ALPHA_68,0,1,1,0,0,0,2,0,1,0,4.351749116259586
ALPHA_69,2,0,2,2,0,1,2,0,0,1,4.843702249580591
ALPHA_70,2,2,0,0,1,1,2,2,0,2,7.18163750435033
ALPHA_71,1,1,0,1,1,1,1,0,0,2,5.902845730040715
ALPHA_72,1,2,0,0,0,0,0,0,0,1,7.24734428768219
ALPHA_73,2,0,1,1,2,0,2,0,1,1,6.888877946790201
ALPHA_74,1,1,2,0,0,2,0,1,0,1,6.266143613929572
ALPHA_75,2,0,2,0,1,2,0,1,2,2,8.895571893431313
ALPHA_76,0,0,0,1,0,2,2,0,0,2,3.8869540208282523
ALPHA_77,1,0,0,2,0,1,2,0,2,0,4.644718354680217
ALPHA_78,0,0,1,1,2,0,0,1,0,1,3.541775529139092
ALPHA_79,0,2,0,0,1,0,0,1,2,2,5.022121927111887
ALPHA_80,1,1,1,1,1,2,2,1,0,1,4.681329177276477
ALPHA_81,0,1,1,2,0,0,2,2,2,2,2.9146244859467925
ALPHA_82,0,0,1,1,2,2,2,1,1,1,3.8954688753866575
ALPHA_83,1,1,1,1,2,2,2,2,1,0,4.852718383793108
ALPHA_84,1,0,2,1,2,1,2,0,0,0,4.8594464252367695
ALPHA_85,1,0,1,0,0,1,1,0,1,0,7.307979251669372
ALPHA_86,1,2,2,2,2,2,0,2,2,2,5.085834375230908
ALPHA_87,2,1,0,2,2,2,0,1,0,1,5.493432331666339
ALPHA_88,2,2,0,0,1,1,0,1,0,1,8.03387678638108
ALPHA_89,0,0,0,1,1,1,0,1,1,0,4.000057237324109
ALPHA_90,2,0,1,0,2,0,1,2,1,2,8.074015879079843
ALPHA_91,2,0,0,1,0,0,2,0,2,2,5.9628511397306845
ALPHA_92,2,1,1,1,2,1,1,0,1,1,7.013935338595193
ALPHA_93,2,2,2,2,2,2,1,2,2,0,4.556055482699695
ALPHA_94,1,1,1,2,2,2,0,2,0,1,3.73365790437119
ALPHA_95,2,0,0,2,1,1,1,0,0,0,5.852713573312409
ALPHA_96,0,1,2,0,0,1,2,2,1,1,5.2999971039624185
ALPHA_97,2,0,2,1,0,0,1,1,1,2,6.394963457895255
ALPHA_98,2,0,1,0,0,0,0,1,0,1,7.770781529906541
ALPHA_99,1,2,1,2,1,1,1,2,2,0,3.803081745500773
ALPHA_100,2,2,2,2,0,2,1,1,2,2,5.548577918431965
ALPHA_101,1,1,0,1,1,2,1,0,1,2,5.286602826682168
ALPHA_102,2,1,2,0,0,1,1,1,2,0,8.334234064764555
ALPHA_103,0,2,0,1,1,1,0,1,2,2,3.541551568555108
ALPHA_104,0,2,2,0,1,1,1,0,2,1,5.186698095956777
ALPHA_105,1,0,1,0,2,0,0,0,0,2,6.753507882243595
ALPHA_106,2,1,2,2,1,2,0,0,1,1,5.699144688685933
ALPHA_107,1,0,2,0,1,2,2,0,1,0,6.370197088775263
ALPHA_108,2,0,0,1,1,2,0,0,0,2,6.89032273213772
ALPHA_109,2,1,1,1,0,0,1,0,1,2,7.175870136696788
ALPHA_110,1,2,0,1,0,2,2,2,0,0,5.719592433858156
ALPHA_111,0,0,2,2,1,1,0,2,2,2,3.5076863424134532
ALPHA_112,1,1,2,2,2,1,2,2,0,0,3.6049868818468687
ALPHA_113,1,2,2,0,1,0,0,0,0,2,6.279996304502299
ALPHA_114,2,0,1,1,1,1,0,2,1,0,5.9932656698657985
ALPHA_115,1,1,0,2,2,0,2,0,0,0,4.5655047321639275
ALPHA_116,2,0,1,2,2,2,2,1,2,2,5.432746246821626
ALPHA_117,0,2,1,1,1,1,2,2,1,1,3.903095491014663
ALPHA_118,2,1,0,1,1,0,0,2,2,0,6.49783071527668
ALPHA_119,0,2,1,0,2,1,0,1,2,0,4.836648002511088
ALPHA_120,1,0,1,2,2,0,1,0,0,1,4.711595052713329
ALPHA_121,1,1,2,0,0,2,1,2,2,2,6.847116705242992
ALPHA_122,0,2,0,0,0,1,0,0,1,0,4.9442389711705275
ALPHA_123,2,2,0,1,2,1,1,2,1,2,7.183906959738199
ALPHA_124,1,2,0,2,2,2,2,1,0,2,4.494950040018937
ALPHA_125,1,0,0,0,0,2,2,1,1,1,6.304287241656632
ALPHA_126,0,0,2,0,0,0,1,1,2,0,4.265460219681896
ALPHA_127,0,2,0,0,1,2,2,2,2,1,4.5504191864989805
ALPHA_128,1,0,0,0,0,1,2,1,0,1,5.829735698308742
ALPHA_129,2,2,1,1,1,0,1,1,1,2,7.382217322996453
ALPHA_130,2,0,0,2,2,2,1,1,2,1,6.26905760822384
ALPHA_131,1,0,2,2,1,2,0,0,0,2,4.893186940079508
ALPHA_132,2,2,2,2,0,1,0,2,0,2,4.590222225511416
ALPHA_133,2,0,2,1,2,1,1,2,0,1,7.335700455186861
ALPHA_134,0,1,2,2,1,2,1,2,0,2,3.7060956546923425
ALPHA_135,0,2,0,2,0,1,1,0,2,0,3.1559938569053223
ALPHA_136,2,1,2,1,2,2,2,0,0,1,5.724385191064665
ALPHA_137,1,0,1,0,2,1,1,0,1,1,7.384149154198386
ALPHA_138,2,1,2,0,1,2,0,1,0,1,8.020844518565971
ALPHA_139,0,0,2,0,1,1,2,1,1,1,4.883800446749764
ALPHA_140,0,0,1,2,0,2,1,1,0,1,2.825547648291489
ALPHA_141,0,1,1,0,0,0,1,1,2,0,4.475496538714757
ALPHA_142,1,1,0,2,0,2,1,2,1,0,4.101391185460789
ALPHA_143,0,0,2,1,0,0,1,0,1,1,4.610214822552036
ALPHA_144,1,1,1,2,0,2,0,2,1,0,4.411198435261643
ALPHA_145,0,2,2,0,2,2,2,1,1,2,5.029200736051334
ALPHA_146,2,1,1,0,0,1,2,2,2,2,8.044804079963804
ALPHA_147,0,1,2,0,2,1,0,1,1,0,4.4093030083506
ALPHA_148,0,0,0,0,0,0,2,1,0,2,4.9250060543001375
ALPHA_149,2,2,1,0,2,1,1,1,2,0,7.182852332185116
ALPHA_150,2,2,0,0,0,1,0,2,0,2,8.511220476196906
ALPHA_151,1,2,2,0,0,2,0,1,1,0,5.407144758762328
ALPHA_152,1,0,2,2,1,0,0,1,2,1,4.527450189810355
ALPHA_153,2,0,2,1,0,1,1,2,1,2,7.28970545041703
ALPHA_154,0,2,0,2,1,2,2,0,1,2,3.2593823078635973
ALPHA_155,1,2,2,1,2,1,2,0,1,2,5.343429581580901
ALPHA_156,2,0,1,2,0,2,1,2,2,2,6.0583142330787645
ALPHA_157,2,0,0,1,0,0,1,0,0,1,6.720126679817391
ALPHA_158,1,1,2,2,1,1,1,2,2,0,3.506651441156033
ALPHA_159,0,1,2,2,2,1,0,1,0,0,3.3653661962689974
ALPHA_160,1,0,0,2,0,1,1,0,2,2,4.051557085192463
ALPHA_161,0,0,1,0,2,0,1,1,1,1,4.295244341263403
ALPHA_162,1,0,0,0,0,1,2,0,2,0,6.266592527105109
ALPHA_163,0,2,1,0,0,0,2,1,2,2,4.786337658715914
ALPHA_164,1,2,1,0,1,0,2,2,0,2,6.730848459062106
ALPHA_165,1,0,2,0,1,1,2,1,0,1,7.673523741686365
ALPHA_166,0,0,1,2,1,0,0,1,2,2,2.8612093066412827
ALPHA_167,0,0,2,1,0,0,2,1,2,1,3.9034219259982623
ALPHA_168,1,1,0,2,2,1,0,0,2,0,5.327888099781277
ALPHA_169,0,1,0,1,2,0,2,2,0,0,4.2894467699563625
ALPHA_170,2,0,1,1,0,2,0,0,2,2,6.927124602067464
ALPHA_171,1,2,1,2,0,1,1,1,0,0,3.8602940705909523
ALPHA_172,0,0,0,1,0,1,0,2,1,2,3.9581000381022804
ALPHA_173,1,2,0,0,0,1,2,0,2,2,6.466804797953432
ALPHA_174,0,0,2,0,0,0,1,2,2,1,5.045717063779498
ALPHA_175,2,0,2,0,1,0,2,2,2,1,8.657201212384736
ALPHA_176,1,2,0,1,2,2,1,1,1,0,5.029838908431255
ALPHA_177,0,2,1,0,1,2,0,0,0,2,5.256770354081757
ALPHA_178,1,0,2,1,2,1,2,1,0,1,5.774469994918797
ALPHA_179,2,2,1,0,0,1,1,2,0,1,7.668943741587795
ALPHA_180,0,1,1,0,1,1,2,1,1,1,4.58868929225545
ALPHA_181,2,0,2,2,0,2,0,2,0,1,5.524829038709548
ALPHA_182,2,2,2,2,1,2,1,1,1,1,5.369185204871769
ALPHA_183,0,0,2,0,0,2,2,2,0,0,5.576166304370752
ALPHA_184,2,1,2,1,1,2,2,2,0,1,6.299115860717673
ALPHA_185,0,0,2,0,2,1,2,0,0,2,5.034235684264335
ALPHA_186,2,0,1,1,2,1,0,2,0,0,8.073024166702238
ALPHA_187,1,2,2,1,0,0,0,0,2,2,5.506528266893091
ALPHA_188,1,1,2,2,0,0,1,2,1,2,4.389645072152442
ALPHA_189,0,1,1,2,0,1,0,1,0,2,3.1803412478485624
ALPHA_190,1,1,0,0,1,2,0,0,0,1,6.26852546728732
ALPHA_191,1,1,1,2,2,1,2,0,0,0,3.559290185627298
ALPHA_192,1,0,2,1,2,0,0,0,1,2,5.388255638081373
ALPHA_193,1,1,0,1,1,0,1,0,0,0,5.4327019141742685
ALPHA_194,0,1,0,0,1,1,2,1,1,2,4.19089460264342
ALPHA_195,1,1,1,1,2,1,1,2,0,2,5.487535957341389
ALPHA_196,0,2,2,1,0,1,0,2,2,0,4.334925249350519
ALPHA_197,1,1,1,1,2,2,2,2,2,1,4.843525963487995
ALPHA_198,1,1,1,2,2,2,0,1,1,2,4.317777924187406
ALPHA_199,1,1,2,0,0,0,2,1,2,2,6.946131830185067
